fecha,equipo,puntos,goles_favor,goles_contra
2024-06-01 23:16:00,Deportivo Cali,9.0,3,0
2024-07-18 20:28:00,Atlético Nacional,0.0,1,2
2024-05-16 17:26:00,Deportes Tolima,15.0,5,2
2024-03-27 04:52:00,Deportivo Cali,0.0,0,5
2024-03-10 09:51:00,Boyacá Chicó,0.0,0,3
2024-08-05 18:45:00,Deportivo Cali,0.0,1,5
2024-05-31 13:13:00,Atlético Nacional,0.0,2,4
2024-02-18 16:34:00,Once Caldas,6.0,2,0
fecha desconocida,Deportivo Cali,0.0,1,4
2024-04-12 07:15:00,Jaguares,0.0,1,5
2024-02-09 11:30:00,Patriotas,3.0,1,0
2024-07-10 21:01:00,América de Cali,1.0,2,2
2024-05-24 01:07:00,la equidad,0.0,4,5
2024-08-29 05:03:00,Millonarios,9.0,3,0
2024-07-26 22:45:00,La Equidad,12.0,4,3
2024-03-27 18:31:00,santa fe,0.0,0,2
2024-01-09 05:04:00,Deportes Tolima,0.0,2,5
2024-05-06 16:44:00,Atlético Nacional,15.0,5,2
2024-05-02 13:17:00,Boyacá Chicó,,4,1
2024-01-07 08:46:00,La Equidad,1.0,0,0
2024-08-22 12:46:00,Jaguares,9.0,3,0
2024-01-12 06:28:00,Fortaleza,12.0,4,2
2024-07-05 11:34:00,Patriotas,0.0,0,2
2024-01-21 07:55:00,Once Caldas,12.0,4,3
2024-08-23 07:26:00,Pasto,0.0,1,4
2024-04-26 16:55:00,Junior,12.0,4,3
2024-01-15 14:22:00,Cúcuta Deportivo,9.0,3,1
2024-06-13 15:51:00,América de Cali,15.0,5,4
2024-08-25 23:36:00,Deportes Tolima,0.0,4,5
2024-04-25 00:34:00,Atlético Nacional,1.0,0,0
2024-06-23 17:52:00,Unión Magdalena,12.0,4,3
2024-02-17 22:04:00,Atlético Bucaramanga,0.0,0,5
2024-09-01 13:21:00,Cúcuta Deportivo,6.0,2,0
2024-03-21 15:31:00,Boyacá Chicó,15.0,5,4
2024-07-25 02:19:00,Envigado,12.0,NA,2
2024-08-09 12:59:00,Patriotas,9.0,3,0
2024-02-13 23:16:00,Deportivo Cali,0.0,2,4
2024-05-04 06:01:00,Deportivo Cali,0.0,0,3
2024-04-02 20:40:00,Envigado,0.0,2,5
2024-01-19 13:06:00,Once Caldas,1.0,1,1
2024-02-10 16:09:00,Once Caldas,0.0,1,5
2024-02-02 01:52:00,Jaguares,0.0,3,4
2024-02-27 09:41:00,Deportes Tolima,0.0,0,4
2024-07-05 16:08:00,deportes tolima,15.0,5,4
2024-07-09 08:25:00,Unión Magdalena,9.0,3,1
2024-06-13 14:08:00,Fortaleza,6.0,2,0
2024-05-04 13:16:00,Boyacá Chicó,0.0,1,4
2024-08-26 12:57:00,Boyacá Chicó,0.0,1,3
2024-01-14 12:50:00,Patriotas,0.0,2,5
2024-06-07 15:05:00,Atlético Nacional,0.0,2,3
2024-01-14 15:49:00,Fortaleza,15.0,5,2
2024-02-02 02:15:00,Independiente Medellín,0.0,4,5
2024-02-25 04:37:00,Junior,15.0,5,1
2024-01-23 02:23:00,Alianza Petrolera,0.0,2,5
2024-08-11 09:47:00,Millonarios,9.0,NA,1
2024-03-02 14:04:00,Patriotas,15.0,5,2
2024-02-05 20:15:00,Deportivo Cali,1.0,3,3
2024-07-15 21:58:00,América de Cali,0.0,1,5
2024-07-16 17:42:00,Santa Fe,0.0,4,5
2024-07-18 16:22:00,América de Cali,1.0,4,4
2024-07-06 02:33:00,Independiente Medellín,0.0,1,4
2024-06-16 20:58:00,Millonarios,0.0,3,5
2024-02-23 14:10:00,Millonarios,12.0,4,2
2024-04-25 03:09:00,Fortaleza,,2,3
2024-04-07 22:55:00,Atlético Nacional,0.0,1,3
2024-08-07 21:29:00,Atlético Nacional,9.0,3,0
2024-03-06 23:03:00,Jaguares,0.0,NA,1
2024-04-09 23:36:00,América de Cali,15.0,5,4
2024-03-09 21:36:00,Atlético Nacional,0.0,2,3
2024-01-19 02:52:00,Millonarios,12.0,4,2
2024-01-27 15:05:00,millonarios,0.0,2,4
2024-06-22 16:31:00,Junior,0.0,3,4
2024-03-22 07:01:00,Junior,12.0,4,1
2024-05-25 01:43:00,Envigado,0.0,2,3
2024-06-20 13:21:00,América de Cali,0.0,1,5
2024-05-23 12:53:00,Atlético Bucaramanga,0.0,1,5
2024-04-22 05:35:00,Patriotas,0.0,2,5
2024-02-25 07:28:00,Envigado,0.0,0,2
2024-05-23 08:22:00,Alianza Petrolera,0.0,0,3
2024-08-26 20:54:00,atlético bucaramanga,15.0,5,2
2024-07-14 05:02:00,Santa Fe,12.0,4,3
2024-01-09 10:30:00,Millonarios,15.0,5,4
2024-05-21 05:17:00,Deportes Tolima,0.0,2,3
2024-08-11 08:11:00,Deportes Tolima,15.0,5,2
2024-03-11 14:57:00,Fortaleza,3.0,1,0
fecha desconocida,Atlético Bucaramanga,1.0,4,-1
2024-01-09 19:55:00,Fortaleza,0.0,1,-1
2024-02-27 14:25:00,Envigado,0.0,3,4
2024-03-05 17:32:00,Fortaleza,0.0,0,3
2024-01-25 17:57:00,América de Cali,0.0,1,4
2024-05-22 02:10:00,América de Cali,0.0,0,5
2024-03-09 15:41:00,Unión Magdalena,0.0,0,3
2024-05-26 12:58:00,Junior,15.0,5,2
2024-01-09 11:42:00,Atlético Nacional,1.0,4,4
2024-05-05 04:14:00,Independiente Medellín,12.0,4,3
2024-04-06 14:03:00,Atlético Nacional,12.0,4,3
2024-02-26 07:59:00,Once Caldas,15.0,5,4
2024-03-13 23:51:00,América de Cali,1.0,3,3
2024-01-04 10:28:00,La Equidad,1.0,1,1
2024-06-18 06:44:00,Alianza Petrolera,0.0,2,4
2024-08-15 22:33:00,Atlético Bucaramanga,0.0,1,2
2024-06-19 20:16:00,América de Cali,3.0,1,0
2024-04-19 10:27:00,Fortaleza,12.0,4,0
2024-07-18 23:16:00,Boyacá Chicó,6.0,2,0
2024-03-14 14:41:00,Atlético Nacional,12.0,4,3
2024-03-19 04:31:00,Pasto,0.0,0,4
2024-02-08 18:09:00,Atlético Bucaramanga,0.0,2,5
2024-01-21 03:37:00,Boyacá Chicó,15.0,5,0
2024-03-02 03:53:00,Boyacá Chicó,6.0,2,1
2024-01-14 17:31:00,La Equidad,0.0,4,5
2024-04-29 02:00:00,Envigado,12.0,4,1
2024-08-12 01:21:00,Boyacá Chicó,15.0,5,0
2024-06-07 08:40:00,Deportivo Cali,0.0,3,5
2024-03-01 20:00:00,Junior,0.0,0,3
2024-05-28 17:54:00,envigado,0.0,0,3
2024-04-27 22:04:00,independiente medellín,1.0,5,5
2024-05-23 15:16:00,Deportes Tolima,0.0,0,1
2024-03-22 03:48:00,Atlético Nacional,0.0,0,2
2024-01-29 01:50:00,Deportes Tolima,9.0,3,1
2024-08-30 12:42:00,Junior,3.0,1,0
2024-08-15 08:14:00,Boyacá Chicó,1.0,0,0
2024-04-12 14:41:00,América de Cali,6.0,2,0
2024-01-28 03:15:00,Atlético Nacional,0.0,1,4
2024-02-19 09:26:00,Unión Magdalena,,1,5
fecha desconocida,Alianza Petrolera,9.0,3,2
2024-03-07 22:19:00,Unión Magdalena,,2,3
2024-05-18 04:13:00,Boyacá Chicó,1.0,2,2
2024-03-27 06:49:00,Junior,12.0,4,0
2024-05-14 02:37:00,Millonarios,0.0,1,2
2024-01-06 19:24:00,Deportes Tolima,0.0,4,5
2024-02-09 03:39:00,Patriotas,0.0,3,5
2024-05-18 14:32:00,Once Caldas,,3,4
2024-02-07 02:31:00,Deportivo Cali,0.0,3,5
2024-05-23 13:49:00,Atlético Nacional,12.0,4,0
2024-01-16 06:12:00,Fortaleza,1.0,2,2
2024-03-19 21:31:00,Unión Magdalena,9.0,3,1
2024-05-11 15:52:00,fortaleza,1.0,1,1
2024-08-06 04:26:00,Millonarios,0.0,2,5
2024-07-05 12:29:00,Envigado,1.0,2,2
2024-04-14 08:15:00,Santa Fe,0.0,2,4
2024-07-04 18:43:00,Once Caldas,0.0,1,3
fecha desconocida,Patriotas,0.0,3,5
2024-03-02 21:54:00,Independiente Medellín,1.0,1,1
2024-05-04 11:49:00,Atlético Bucaramanga,6.0,2,0
2024-02-08 04:13:00,Patriotas,1.0,4,4
2024-09-03 18:20:00,Once Caldas,0.0,2,5
2024-05-30 18:17:00,Independiente Medellín,0.0,2,3
2024-08-12 05:46:00,Unión Magdalena,0.0,0,5
2024-08-20 15:20:00,Santa Fe,9.0,3,2
2024-03-14 14:25:00,América de Cali,0.0,0,4
2024-02-17 00:44:00,Santa Fe,15.0,5,0
2024-06-23 13:39:00,Fortaleza,0.0,1,-1
2024-01-13 07:24:00,Cúcuta Deportivo,0.0,3,4
2024-07-02 19:59:00,Millonarios,0.0,3,5
2024-06-23 06:25:00,Fortaleza,3.0,1,0
2024-05-29 23:16:00,América de Cali,12.0,4,3
2024-04-09 02:50:00,Cúcuta Deportivo,1.0,0,0
2024-06-09 03:29:00,Boyacá Chicó,0.0,3,5
2024-03-25 00:08:00,Junior,12.0,4,3
2024-03-07 22:47:00,Cúcuta Deportivo,0.0,0,5
2024-05-28 00:55:00,América de Cali,0.0,1,2
2024-01-30 12:27:00,Boyacá Chicó,0.0,1,5
2024-03-23 05:36:00,Once Caldas,9.0,3,2
2024-07-01 04:45:00,Deportes Tolima,12.0,4,1
2024-02-25 21:14:00,Santa Fe,0.0,1,2
2024-04-10 04:56:00,Millonarios,0.0,3,5
2024-05-26 10:29:00,Jaguares,15.0,5,0
2024-06-15 13:52:00,Pasto,0.0,3,5
2024-06-04 03:24:00,Boyacá Chicó,12.0,4,1
2024-09-05 02:08:00,Santa Fe,1.0,4,4
2024-02-20 08:01:00,Fortaleza,0.0,4,5
2024-02-20 11:28:00,Alianza Petrolera,0.0,3,5
2024-08-05 03:21:00,Santa Fe,,5,5
2024-01-30 01:43:00,Deportes Tolima,0.0,1,3
2024-08-02 07:55:00,La Equidad,12.0,4,3
2024-08-30 14:07:00,Deportes Tolima,1.0,5,5
2024-03-23 22:05:00,Unión Magdalena,0.0,1,3
2024-01-21 11:58:00,cúcuta deportivo,12.0,4,2
2024-01-24 13:15:00,Alianza Petrolera,0.0,0,1
2024-02-26 16:00:00,Unión Magdalena,12.0,4,1
2024-03-15 05:39:00,Once Caldas,3.0,1,0
2024-01-19 17:07:00,Cúcuta Deportivo,6.0,2,1
2024-08-18 17:21:00,Deportes Tolima,12.0,4,0
2024-01-23 23:49:00,deportivo cali,12.0,4,2
2024-06-15 01:01:00,Fortaleza,0.0,1,3
2024-06-15 23:48:00,Patriotas,15.0,5,1
2024-03-05 04:06:00,Atlético Nacional,0.0,0,-1
2024-08-09 11:19:00,Alianza Petrolera,0.0,1,4
2024-03-23 21:34:00,Patriotas,1.0,NA,1
2024-04-04 08:18:00,Jaguares,12.0,4,-1
2024-01-22 09:15:00,Deportes Tolima,1.0,2,2
2024-03-09 23:18:00,Boyacá Chicó,12.0,4,2
2024-05-09 12:46:00,Deportes Tolima,15.0,5,2
2024-08-26 12:50:00,Atlético Bucaramanga,12.0,NA,0
fecha desconocida,Jaguares,0.0,0,1
fecha desconocida,Alianza Petrolera,0.0,2,3
2024-08-17 18:14:00,Jaguares,0.0,1,5
2024-03-02 09:10:00,Atlético Bucaramanga,0.0,NA,3
2024-04-15 23:13:00,Atlético Bucaramanga,0.0,4,5
2024-08-27 19:46:00,Fortaleza,12.0,4,3
2024-07-06 00:34:00,La Equidad,0.0,0,3
2024-07-27 17:46:00,Deportes Tolima,12.0,NA,3
2024-07-01 15:01:00,La Equidad,1.0,4,4
2024-08-11 06:56:00,Once Caldas,,3,3
2024-05-25 18:59:00,alianza petrolera,6.0,2,0
2024-08-27 07:37:00,boyacá chicó,15.0,5,3
2024-04-04 10:07:00,Alianza Petrolera,0.0,0,4
2024-06-22 16:20:00,Deportivo Cali,15.0,5,4
2024-01-02 21:38:00,Jaguares,12.0,4,1
2024-05-10 19:30:00,cúcuta deportivo,0.0,2,3
2024-03-28 21:36:00,Jaguares,0.0,NA,3
2024-05-05 04:30:00,La Equidad,3.0,1,0
2024-05-19 15:12:00,Fortaleza,0.0,2,4
2024-05-18 21:40:00,Deportes Tolima,9.0,3,0
2024-09-06 01:52:00,Boyacá Chicó,9.0,3,0
2024-07-30 11:53:00,Unión Magdalena,15.0,5,4
2024-02-26 20:04:00,Independiente Medellín,12.0,4,3
2024-05-24 02:29:00,Boyacá Chicó,0.0,1,4
fecha desconocida,Once Caldas,6.0,2,0
2024-05-19 07:51:00,Boyacá Chicó,9.0,3,-1
2024-07-03 14:02:00,Atlético Nacional,0.0,1,4
2024-06-29 13:36:00,La Equidad,15.0,5,4
fecha desconocida,Cúcuta Deportivo,0.0,0,5
2024-02-08 06:24:00,Millonarios,0.0,2,4
2024-02-25 03:22:00,Deportivo Cali,9.0,3,0
2024-02-07 20:49:00,Junior,1.0,1,1
2024-05-21 11:55:00,Alianza Petrolera,,5,3
2024-03-03 12:34:00,Deportivo Cali,15.0,5,2
fecha desconocida,Deportivo Cali,15.0,5,3
2024-04-29 02:32:00,Patriotas,0.0,1,5
2024-03-19 05:14:00,Jaguares,0.0,0,3
2024-05-27 10:35:00,Deportes Tolima,,5,3
2024-01-26 20:00:00,La Equidad,12.0,4,1
2024-07-13 21:46:00,Once Caldas,15.0,5,4
2024-05-10 22:19:00,Jaguares,0.0,0,4
2024-05-15 23:22:00,Once Caldas,0.0,0,5
2024-01-12 08:33:00,Patriotas,15.0,5,1
2024-02-13 13:18:00,Deportes Tolima,0.0,NA,5
2024-05-12 22:42:00,Atlético Bucaramanga,12.0,4,2
2024-02-01 05:55:00,millonarios,0.0,1,4
2024-02-29 03:26:00,Deportivo Cali,12.0,NA,1
2024-04-13 03:00:00,Cúcuta Deportivo,9.0,3,0
2024-04-04 23:46:00,Patriotas,15.0,5,0
2024-04-24 05:03:00,Atlético Bucaramanga,1.0,3,3
2024-02-28 08:53:00,Deportivo Cali,0.0,0,-1
2024-03-15 04:54:00,Once Caldas,15.0,5,3
fecha desconocida,Deportes Tolima,15.0,5,1
2024-03-14 01:00:00,Alianza Petrolera,0.0,1,5
2024-06-16 23:54:00,Unión Magdalena,0.0,0,5
2024-08-03 18:56:00,Independiente Medellín,6.0,2,0
2024-07-30 07:10:00,La Equidad,0.0,3,-1
2024-04-02 18:48:00,Once Caldas,9.0,3,0
2024-06-24 11:24:00,Once Caldas,0.0,0,4
2024-06-26 08:01:00,América de Cali,9.0,3,0
2024-08-07 12:11:00,Atlético Nacional,1.0,2,2
2024-08-25 20:18:00,Fortaleza,0.0,0,3
2024-02-20 02:57:00,Atlético Bucaramanga,0.0,0,5
2024-08-16 11:04:00,Jaguares,1.0,5,5
2024-01-04 20:36:00,Unión Magdalena,,4,0
2024-05-15 10:05:00,Once Caldas,0.0,1,4
2024-06-09 11:38:00,Pasto,0.0,1,5
2024-02-04 06:44:00,Once Caldas,,0,2
2024-04-06 14:40:00,Atlético Bucaramanga,0.0,NA,3
2024-08-13 14:10:00,Millonarios,0.0,0,1
2024-07-11 01:50:00,Once Caldas,0.0,NA,4
2024-04-29 01:01:00,Atlético Nacional,12.0,4,0
2024-04-11 15:07:00,millonarios,9.0,3,1
2024-08-27 17:35:00,Once Caldas,12.0,4,3
2024-04-12 00:07:00,Fortaleza,0.0,NA,4
2024-01-10 08:57:00,Atlético Bucaramanga,15.0,5,2
2024-09-02 08:44:00,Once Caldas,0.0,NA,5
2024-04-29 20:40:00,Deportes Tolima,1.0,3,3
2024-06-06 16:59:00,Boyacá Chicó,0.0,1,2
2024-07-01 16:12:00,América de Cali,0.0,4,5
fecha desconocida,Deportivo Cali,12.0,NA,1
2024-07-09 15:20:00,La Equidad,0.0,3,4
2024-07-24 18:40:00,Atlético Nacional,0.0,3,5
2024-08-29 13:11:00,Patriotas,6.0,2,1
2024-06-22 17:06:00,Envigado,0.0,1,3
2024-03-12 05:38:00,Jaguares,0.0,0,3
2024-07-12 11:55:00,Atlético Bucaramanga,9.0,3,2
2024-05-06 20:23:00,La Equidad,0.0,2,5
2024-02-18 18:45:00,Junior,15.0,5,1
2024-02-15 11:12:00,Unión Magdalena,12.0,4,3
2024-04-28 13:35:00,Independiente Medellín,0.0,4,5
2024-08-02 15:09:00,Atlético Bucaramanga,0.0,0,1
2024-08-01 13:16:00,Envigado,12.0,4,-1
2024-01-02 16:00:00,atlético bucaramanga,0.0,3,4
2024-06-25 20:30:00,Atlético Bucaramanga,15.0,5,0
2024-05-23 19:47:00,Millonarios,3.0,1,0
2024-02-05 02:05:00,América de Cali,0.0,1,2
2024-04-14 01:09:00,Boyacá Chicó,,4,0
2024-02-18 02:57:00,Deportivo Cali,0.0,4,5
fecha desconocida,Pasto,0.0,2,3
2024-04-25 21:36:00,Millonarios,6.0,2,1
2024-08-21 13:07:00,Envigado,12.0,4,3
2024-06-16 19:18:00,Fortaleza,0.0,4,5
2024-08-19 01:41:00,Unión Magdalena,1.0,0,0
2024-04-07 19:41:00,La Equidad,0.0,1,-1
2024-05-26 10:37:00,Patriotas,0.0,3,4
